{
    "openapi": "3.0.3",
    "info": {
      "title": "DigiNode",
      "version": "1.0.0",
      "description": "DigiNode user panel"
    },
    "servers": [
      {
        "url": "http://localhost:3063",
        "description": "Local server"
      }
    ],
    "components": {
      "securitySchemes": {
        "bearerAuth": {
          "type": "http",
          "scheme": "bearer",
          "bearerFormat": "JWT"
        }
      }
    },
    "security": [
      {
        "bearerAuth": []
      }
    ],
    "paths": {
    
    
      "/api/patient/getPractoDashboard": {
        "get": {
          "tags": [
            "AyuhealthRoutes"
          ],
          "responses": {
            "201": {
              "description": "",
              "content": {
                "application/json": {
                  "schema": {
                    "type": "object",
                    "properties": {
                      "data": {
                        "type": "object",
                        "properties": {
                          "uninsuredRepaidCount": {
                            "type": "number"
                          },
                          "uninsuredRepaidAmount": {
                            "type": "number"
                          },
                          "uninsuredRejectedCount": {
                            "type": "number"
                          },
                          "uninsuredRejectedAmount": {
                            "type": "number"
                          },
                          "uninsuredInProcessCount": {
                            "type": "number"
                          },
                          "uninsuredInProcessAmount": {
                            "type": "number"
                          },
                          "uninsuredFundedCount": {
                            "type": "number"
                          },
                          "uninsuredFundedAmount": {
                            "type": "number"
                          },
                          "unInsuredCountGraph": {
                            "type": "object",
                            "properties": {
                              "repaidCount": {
                                "type": "array",
                                "items": {
                                  "type": "array",
                                  "items": {
                                    "type": "number"
                                  }
                                }
                              },
                              "rejectedCount": {
                                "type": "array",
                                "items": {
                                  "type": "array",
                                  "items": {
                                    "type": "number"
                                  }
                                }
                              },
                              "fundedCount": {
                                "type": "array",
                                "items": {
                                  "type": "array",
                                  "items": {
                                    "type": "number"
                                  }
                                }
                              },
                              "InProcessCount": {
                                "type": "array",
                                "items": {
                                  "type": "array",
                                  "items": {
                                    "type": "number"
                                  }
                                }
                              }
                            },
                            "required": [
                              "repaidCount",
                              "rejectedCount",
                              "fundedCount",
                              "InProcessCount"
                            ]
                          },
                          "unInsuredAmountGraph": {
                            "type": "object",
                            "properties": {
                              "repaidAmount": {
                                "type": "array",
                                "items": {
                                  "type": "array",
                                  "items": {
                                    "type": "number"
                                  }
                                }
                              },
                              "rejectedAmount": {
                                "type": "array",
                                "items": {
                                  "type": "array",
                                  "items": {
                                    "type": "number"
                                  }
                                }
                              },
                              "fundedAmount": {
                                "type": "array",
                                "items": {
                                  "type": "array",
                                  "items": {
                                    "type": "number"
                                  }
                                }
                              },
                              "InProcessAmount": {
                                "type": "array",
                                "items": {
                                  "type": "array",
                                  "items": {
                                    "type": "number"
                                  }
                                }
                              }
                            },
                            "required": [
                              "repaidAmount",
                              "rejectedAmount",
                              "fundedAmount",
                              "InProcessAmount"
                            ]
                          },
                          "totalUninsuredCount": {
                            "type": "number"
                          },
                          "totalUninsuredAmount": {
                            "type": "number"
                          },
                          "totalRepaidCount": {
                            "type": "number"
                          },
                          "totalRepaidAmount": {
                            "type": "number"
                          },
                          "totalRejectedCount": {
                            "type": "number"
                          },
                          "totalRejectedAmount": {
                            "type": "number"
                          },
                          "totalReimbursementCount": {
                            "type": "number"
                          },
                          "totalReimbursementAmount": {
                            "type": "number"
                          },
                          "totalInProcessCount": {
                            "type": "number"
                          },
                          "totalInProcessAmount": {
                            "type": "number"
                          },
                          "totalFundedCount": {
                            "type": "number"
                          },
                          "totalFundedAmount": {
                            "type": "number"
                          },
                          "totalCount": {
                            "type": "number"
                          },
                          "totalAmount": {
                            "type": "number"
                          },
                          "reimbursementRepaidCount": {
                            "type": "number"
                          },
                          "reimbursementRepaidAmount": {
                            "type": "number"
                          },
                          "reimbursementRejectedCount": {
                            "type": "number"
                          },
                          "reimbursementRejectedAmount": {
                            "type": "number"
                          },
                          "reimbursementInProcessCount": {
                            "type": "number"
                          },
                          "reimbursementInProcessAmount": {
                            "type": "number"
                          },
                          "reimbursementFundedCount": {
                            "type": "number"
                          },
                          "reimbursementFundedAmount": {
                            "type": "number"
                          },
                          "reimbursementCountGraph": {
                            "type": "object",
                            "properties": {
                              "repaidCountGraph": {
                                "type": "array",
                                "items": {
                                  "type": "array",
                                  "items": {
                                    "type": "number"
                                  }
                                }
                              },
                              "rejectedCountGraph": {
                                "type": "array",
                                "items": {
                                  "type": "array",
                                  "items": {
                                    "type": "number"
                                  }
                                }
                              },
                              "fundedCountGraph": {
                                "type": "array",
                                "items": {
                                  "type": "array",
                                  "items": {
                                    "type": "number"
                                  }
                                }
                              },
                              "InProcessCountGraph": {
                                "type": "array",
                                "items": {
                                  "type": "array",
                                  "items": {
                                    "type": "number"
                                  }
                                }
                              }
                            },
                            "required": [
                              "repaidCountGraph",
                              "rejectedCountGraph",
                              "fundedCountGraph",
                              "InProcessCountGraph"
                            ]
                          },
                          "reimbursementAmountGraph": {
                            "type": "object",
                            "properties": {
                              "repaidAmountGraph": {
                                "type": "array",
                                "items": {
                                  "type": "array",
                                  "items": {
                                    "type": "number"
                                  }
                                }
                              },
                              "rejectedAmountGraph": {
                                "type": "array",
                                "items": {
                                  "type": "array",
                                  "items": {
                                    "type": "number"
                                  }
                                }
                              },
                              "fundedAmountGraph": {
                                "type": "array",
                                "items": {
                                  "type": "array",
                                  "items": {
                                    "type": "number"
                                  }
                                }
                              },
                              "InProcessAmountGraph": {
                                "type": "array",
                                "items": {
                                  "type": "array",
                                  "items": {
                                    "type": "number"
                                  }
                                }
                              }
                            },
                            "required": [
                              "repaidAmountGraph",
                              "rejectedAmountGraph",
                              "fundedAmountGraph",
                              "InProcessAmountGraph"
                            ]
                          },
                          "invoiceCountGraph": {
                            "type": "array",
                            "items": {
                              "type": "array",
                              "items": {
                                "type": "number"
                              }
                            }
                          },
                          "invoiceAmountGraph": {
                            "type": "array",
                            "items": {
                              "type": "array",
                              "items": {
                                "type": "number"
                              }
                            }
                          }
                        },
                        "required": [
                          "uninsuredRepaidCount",
                          "uninsuredRepaidAmount",
                          "uninsuredRejectedCount",
                          "uninsuredRejectedAmount",
                          "uninsuredInProcessCount",
                          "uninsuredInProcessAmount",
                          "uninsuredFundedCount",
                          "uninsuredFundedAmount",
                          "unInsuredCountGraph",
                          "unInsuredAmountGraph",
                          "totalUninsuredCount",
                          "totalUninsuredAmount",
                          "totalRepaidCount",
                          "totalRepaidAmount",
                          "totalRejectedCount",
                          "totalRejectedAmount",
                          "totalReimbursementCount",
                          "totalReimbursementAmount",
                          "totalInProcessCount",
                          "totalInProcessAmount",
                          "totalFundedCount",
                          "totalFundedAmount",
                          "totalCount",
                          "totalAmount",
                          "reimbursementRepaidCount",
                          "reimbursementRepaidAmount",
                          "reimbursementRejectedCount",
                          "reimbursementRejectedAmount",
                          "reimbursementInProcessCount",
                          "reimbursementInProcessAmount",
                          "reimbursementFundedCount",
                          "reimbursementFundedAmount",
                          "reimbursementCountGraph",
                          "reimbursementAmountGraph",
                          "invoiceCountGraph",
                          "invoiceAmountGraph"
                        ]
                      }
                    },
                    "required": [
                      "data"
                    ]
                  }
                }
              }
            }
          }
        }
      },
      "/api/patient/postPatientTermLoan": {
        "post": {
          "tags": ["AyuhealthRoutes"],
          "requestBody": {
            "content": {
              "application/json": {
                "schema": {
                  "type": "object",
                  "properties": {
                    "contactNumber": {
                      "type": "string"
                    },
                    "patientName": {
                      "type": "string"
                    },
                    "borrowerName": {
                      "type": "string"
                    },
                    "dateOfBirth": {
                      "type": "string"
                    },
                    "emailId": {
                      "type": "string"
                    },
                    "relation": {
                      "type": "string"
                    },
                    "occupation": {
                      "type": "string"
                    },
                    "companyName": {
                      "type": "string"
                    },
                    "altContactNumber": {
                      "type": "string"
                    },
                    "permanentPinCode": {
                      "type": "string"
                    },
                    "permanentState": {
                      "type": "string"
                    },
                    "permanentDistrict": {
                      "type": "string"
                    },
                    "permanentCity": {
                      "type": "string"
                    },
                    "permanentAddress": {
                      "type": "string"
                    },
                    "currentPinCode": {
                      "type": "string"
                    },
                    "currentState": {
                      "type": "string"
                    },
                    "currentDistrict": {
                      "type": "string"
                    },
                    "currentCity": {
                      "type": "string"
                    },
                    "currentAddress": {
                      "type": "string"
                    },
                    "referenceName": {
                      "type": "string"
                    },
                    "contactNoRefPerson": {
                      "type": "string"
                    },
                    "relationship": {
                      "type": "string"
                    },
                    "emailIdRefPerson": {
                      "type": "string"
                    },
                    "hospitalName": {
                      "type": "string"
                    },
                    "treatmentDetails": {
                      "type": "string"
                    },
                    "bankAssociated": {
                      "type": "string"
                    },
                    "branch": {
                      "type": "string"
                    },
                    "accountNumber": {
                      "type": "string"
                    },
                    "IFSCCode": {
                      "type": "string"
                    },
                    "totalIncome": {
                      "type": "number"
                    },
                    "loanAmount": {
                      "type": "number"
                    },
                    "scheme": {
                      "type": "number"
                    },
                    "interest": {
                      "type": "number"
                    },
                    "processingFees": {
                      "type": "number"
                    },
                    "uploadAadharFront": {
                      "type": "string"
                    },
                    "uploadAadharBack": {
                      "type": "string"
                  
                    },
                    "uploadPAN": {
                      "type": "string"
                    
                    },
                    "uploadProof": {
                      "type": "string"
                     
                    },
                    "uploadCancelledCheque": {
                      "type": "string"
                    },
                    "uploadIncomeProof": {
                      "type": "string"
                    },
                    "uploadHospitalBill": {
                      "type": "string"
                    },
                    "uploadInsurancePolicy": {
                        "type": "string"
                    },
                    "uploadOtherDoc": {
                        "type": "string"
                    },
                      "uploadBankStatement": {
                        "type": "string"
                    },
                    "recommendationLetter": {
                        "type": "string"
                    },
                    "policy_startdt": {
                        "type": "string"
                    },
                    "policy_enddt": {
                        "type": "string"
                    },
                    "sum_insured": {
                        "type": "string"
                    },
                    "isInsured": {
                        "type": "boolean"
                    }

                  },
                  "required": [
                    "contactNumber",
                    "patientName",
                    "borrowerName",
                    "dateOfBirth",
                    "emailId",
                    "relationship",
                    "occupation",
                    "companyName",
                    "aadhaarNumber",
                    "PANNumber",
                    "permanentPinCode",
                    "permanentState",
                    "permanentDistrict",
                    "permanentCity",
                    "permanentAddress",
                    "currentPinCode",
                    "currentState",
                    "currentDistrict",
                    "currentCity",
                    "currentAddress",
                    "treatmentDetails",
                    "loanAmount",
                    "uploadAadharFront",
                    "uploadAadharBack",
                    "uploadPAN"
  
                   
                  ]
                }
              }
            }
          },
          "responses": {
            "201": {
              "description": "",
              "content": {
                "application/json": {
                  "schema": {
                    "type": "object",
                    "properties": {
                      "data": {
                        "type": "object",
                        "properties": {
                          "success": {
                            "type": "boolean"
                          },
                          "loanDetails": {
                            "type": "object",
                            "properties": {
                              "uploadProof": {
                                "type": "string"
                              },
                              "uploadPAN": {
                                "type": "string"
                              },
                              "uploadOtherDoc": {
                                "type": "string"
                              },
                              "uploadInsurancePolicy": {
                                "type": "string"
                              },
                              "uploadIncomeProof": {
                                "type": "string"
                              },
                              "uploadHospitalBill": {
                                "type": "string"
                              },
                              "uploadCancelledCheque": {
                                "type": "string"
                              },
                              "uploadBankStatement": {
                                "type": "string"
                              },
                              "uploadAadharFront": {
                                "type": "string"
                              },
                              "uploadAadharBack": {
                                "type": "string"
                              },
                              "updatedBy": {
                                "type": "string"
                              },
                              "updatedAt": {
                                "type": "string"
                              },
                              "totalIncome": {
                                "type": "number"
                              },
                              "scheme": {
                                "type": "number"
                              },
                              "relationship": {
                                "type": "string"
                              },
                              "relation": {
                                "type": "string"
                              },
                              "referenceName": {
                                "type": "string"
                              },
                              "processingFees": {
                                "type": "number"
                              },
                              "permanentState": {
                                "type": "string"
                              },
                              "permanentPinCode": {
                                "type": "number"
                              },
                              "permanentCity": {
                                "type": "string"
                              },
                              "permanentAddress": {
                                "type": "string"
                              },
                              "patientName": {
                                "type": "string"
                              },
                              "organizationName": {
                                "type": "string"
                              },
                              "organizationId": {
                                "type": "string"
                              },
                              "occupation": {
                                "type": "string"
                              },
                              "loanAmount": {
                                "type": "number"
                              },
                              "isInsured": {
                                "type": "boolean"
                              },
                              "isDeleted": {
                                "type": "boolean"
                              },
                              "isActive": {
                                "type": "boolean"
                              },
                              "invoiceStatus": {
                                "type": "string"
                              },
                              "invoiceId": {
                                "type": "number"
                              },
                              "interest_Amount": {
                                "type": "number"
                              },
                              "interest": {
                                "type": "number"
                              },
                              "hospitalName": {
                                "type": "string"
                              },
                              "emailIdRefPerson": {
                                "type": "string"
                              },
                              "emailId": {
                                "type": "string"
                              },
                              "deduction_Amount": {
                                "type": "number"
                              },
                              "dateOfBirth": {
                                "type": "string"
                              },
                              "currentState": {
                                "type": "string"
                              },
                              "currentPinCode": {
                                "type": "number"
                              },
                              "currentCity": {
                                "type": "string"
                              },
                              "currentAddress": {
                                "type": "string"
                              },
                              "createdAt": {
                                "type": "string"
                              },
                              "contactNumber": {
                                "type": "number"
                              },
                              "contactNoRefPerson": {
                                "type": "number"
                              },
                              "companyName": {
                                "type": "string"
                              },
                              "branch": {
                                "type": "string"
                              },
                              "borrowerName": {
                                "type": "string"
                              },
                              "bankAssociated": {
                                "type": "string"
                              },
                              "accountNumber": {
                                "type": "number"
                              },
                              "_id": {
                                "type": "string"
                              },
                              "__v": {
                                "type": "number"
                              },
                              "PF_Amount": {
                                "type": "number"
                              },
                              "IFSCCode": {
                                "type": "string"
                              },
                              "GST_Amount": {
                                "type": "number"
                              },
                              "EMI_Tenure": {
                                "type": "number"
                              },
                              "EMI_Amount": {
                                "type": "number"
                              },
                              "Disbursed_Amount": {
                                "type": "number"
                              }
                            },
                            "required": [
                              "uploadProof",
                              "uploadPAN",
                              "uploadOtherDoc",
                              "uploadInsurancePolicy",
                              "uploadIncomeProof",
                              "uploadHospitalBill",
                              "uploadCancelledCheque",
                              "uploadBankStatement",
                              "uploadAadharFront",
                              "uploadAadharBack",
                              "updatedBy",
                              "updatedAt",
                              "totalIncome",
                              "scheme",
                              "relationship",
                              "relation",
                              "referenceName",
                              "processingFees",
                              "permanentState",
                              "permanentPinCode",
                              "permanentCity",
                              "permanentAddress",
                              "patientName",
                              "organizationName",
                              "organizationId",
                              "occupation",
                              "loanAmount",
                              "isInsured",
                              "isDeleted",
                              "isActive",
                              "invoiceStatus",
                              "invoiceId",
                              "interest_Amount",
                              "interest",
                              "hospitalName",
                              "emailIdRefPerson",
                              "emailId",
                              "deduction_Amount",
                              "dateOfBirth",
                              "currentState",
                              "currentPinCode",
                              "currentCity",
                              "currentAddress",
                              "createdAt",
                              "contactNumber",
                              "contactNoRefPerson",
                              "companyName",
                              "branch",
                              "borrowerName",
                              "bankAssociated",
                              "accountNumber",
                              "_id",
                              "__v",
                              "PF_Amount",
                              "IFSCCode",
                              "GST_Amount",
                              "EMI_Tenure",
                              "EMI_Amount",
                              "Disbursed_Amount"
                            ]
                          }
                        },
                        "required": [
                          "success",
                          "loanDetails"
                        ]
                      }
                    },
                    "required": [
                      "data"
                    ]
                  }
                }
              }
            },
            "401": {
              "description": "",
              "content": {
                "application/json": {
                  "schema": {
                    "type": "object",
                    "properties": {
                      "message": {
                        "type": "string"
                      }
                    },
                    "required": [
                      "message"
                    ]
                  }
                }
              }
            }
          }
        }
      },
      "/api/patient/getAllInvoices": {
        "get": {
          "tags": [
            "AyuhealthRoutes"
          ],
          "responses": {
            "201": {
              "description": "",
              "content": {
                "application/json": {
                  "schema": {
                    "type": "object",
                    "properties": {
                      "data": {
                        "type": "object",
                        "properties": {
                          "patientLoans": {
                            "type": "array",
                            "items": {
                              "type": "object",
                              "properties": {
                                "uploadProof": {
                                  "type": "string"
                                },
                                "uploadPAN": {
                                  "type": "string"
                                },
                                "uploadOtherDoc": {
                                  "type": "string"
                                },
                                "uploadInsurancePolicy": {
                                  "type": "string"
                                },
                                "uploadIncomeProof": {
                                  "type": "string"
                                },
                                "uploadHospitalBill": {
                                  "type": "string"
                                },
                                "uploadCancelledCheque": {
                                  "type": "string"
                                },
                                "uploadBankStatement": {
                                  "type": "string"
                                },
                                "uploadAadharFront": {
                                  "type": "string"
                                },
                                "uploadAadharBack": {
                                  "type": "string"
                                },
                                "updatedBy": {
                                  "type": "string"
                                },
                                "updatedAt": {
                                  "type": "string"
                                },
                                "totalIncome": {
                                  "type": "number"
                                },
                                "scheme": {
                                  "type": "number"
                                },
                                "relationship": {
                                  "type": "string"
                                },
                                "relation": {
                                  "type": "string"
                                },
                                "referenceName": {
                                  "type": "string"
                                },
                                "processingFees": {
                                  "type": "number"
                                },
                                "permanentState": {
                                  "type": "string"
                                },
                                "permanentPinCode": {
                                  "type": "number"
                                },
                                "permanentCity": {
                                  "type": "string"
                                },
                                "permanentAddress": {
                                  "type": "string"
                                },
                                "patientName": {
                                  "type": "string"
                                },
                                "organizationName": {
                                  "type": "string"
                                },
                                "organizationId": {
                                  "type": "string"
                                },
                                "occupation": {
                                  "type": "string"
                                },
                                "loanAmount": {
                                  "type": "number"
                                },
                                "isInsured": {
                                  "type": "boolean"
                                },
                                "isDeleted": {
                                  "type": "boolean"
                                },
                                "isActive": {
                                  "type": "boolean"
                                },
                                "invoiceStatus": {
                                  "type": "string"
                                },
                                "invoiceId": {
                                  "type": "number"
                                },
                                "interest_Amount": {
                                  "type": "number"
                                },
                                "interest": {
                                  "type": "number"
                                },
                                "hospitalName": {
                                  "type": "string"
                                },
                                "emailIdRefPerson": {
                                  "type": "string"
                                },
                                "emailId": {
                                  "type": "string"
                                },
                                "deduction_Amount": {
                                  "type": "number"
                                },
                                "dateOfBirth": {
                                  "type": "string"
                                },
                                "currentState": {
                                  "type": "string"
                                },
                                "currentPinCode": {
                                  "type": "number"
                                },
                                "currentCity": {
                                  "type": "string"
                                },
                                "currentAddress": {
                                  "type": "string"
                                },
                                "createdAt": {
                                  "type": "string"
                                },
                                "contactNumber": {
                                  "type": "number"
                                },
                                "contactNoRefPerson": {
                                  "type": "number"
                                },
                                "companyName": {
                                  "type": "string"
                                },
                                "branch": {
                                  "type": "string"
                                },
                                "borrowerName": {
                                  "type": "string"
                                },
                                "bankAssociated": {
                                  "type": "string"
                                },
                                "accountNumber": {
                                  "type": "number"
                                },
                                "_id": {
                                  "type": "string"
                                },
                                "__v": {
                                  "type": "number"
                                },
                                "PF_Amount": {
                                  "type": "number"
                                },
                                "IFSCCode": {
                                  "type": "string"
                                },
                                "GST_Amount": {
                                  "type": "number"
                                },
                                "EMI_Tenure": {
                                  "type": "number"
                                },
                                "EMI_Amount": {
                                  "type": "number"
                                },
                                "Disbursed_Amount": {
                                  "type": "number"
                                }
                              },
                              "required": [
                                "uploadProof",
                                "uploadPAN",
                                "uploadOtherDoc",
                                "uploadInsurancePolicy",
                                "uploadIncomeProof",
                                "uploadHospitalBill",
                                "uploadCancelledCheque",
                                "uploadBankStatement",
                                "uploadAadharFront",
                                "uploadAadharBack",
                                "updatedBy",
                                "updatedAt",
                                "totalIncome",
                                "scheme",
                                "relationship",
                                "relation",
                                "referenceName",
                                "processingFees",
                                "permanentState",
                                "permanentPinCode",
                                "permanentCity",
                                "permanentAddress",
                                "patientName",
                                "organizationName",
                                "organizationId",
                                "occupation",
                                "loanAmount",
                                "isInsured",
                                "isDeleted",
                                "isActive",
                                "invoiceStatus",
                                "invoiceId",
                                "interest_Amount",
                                "interest",
                                "hospitalName",
                                "emailIdRefPerson",
                                "emailId",
                                "deduction_Amount",
                                "dateOfBirth",
                                "currentState",
                                "currentPinCode",
                                "currentCity",
                                "currentAddress",
                                "createdAt",
                                "contactNumber",
                                "contactNoRefPerson",
                                "companyName",
                                "branch",
                                "borrowerName",
                                "bankAssociated",
                                "accountNumber",
                                "_id",
                                "__v",
                                "PF_Amount",
                                "IFSCCode",
                                "GST_Amount",
                                "EMI_Tenure",
                                "EMI_Amount",
                                "Disbursed_Amount"
                              ]
                            }
                          },
                          "numberOfPages": {
                            "type": "number"
                          }
                        },
                        "required": [
                          "patientLoans",
                          "numberOfPages"
                        ]
                      }
                    },
                    "required": [
                      "data"
                    ]
                  }
                }
              }
            }
          }
        }
      },
      "/api/patient/getInvoiceById": {
        "get": {
          "tags": [
            "AyuhealthRoutes"
          ],
          "parameters": [
            {
              "name": "_id",
              "in": "query",
              "schema": {
                "type": "object",
                "properties": {
                  "_id": {
                    "type": "string"
                  }
                }
              },
              "required": true,
              "description": "Please enter _id"
            }
          ],
          "responses": {
            "201": {
              "description": "",
              "content": {
                "application/json": {
                  "schema": {
                    "type": "object",
                    "properties": {
                      "data": {
                        "type": "array",
                        "items": {
                          "type": "object",
                          "properties": {
                            "uploadPAN": {
                              "type": "string"
                            },
                            "uploadIncomeProof": {
                              "type": "string"
                            },
                            "uploadHospitalBill": {
                              "type": "string"
                            },
                            "uploadCancelledCheque": {
                              "type": "string"
                            },
                            "uploadBankStatement": {
                              "type": "string"
                            },
                            "uploadAadharFront": {
                              "type": "string"
                            },
                            "uploadAadharBack": {
                              "type": "string"
                            },
                            "updatedBy": {
                              "type": "string"
                            },
                            "updatedAt": {
                              "type": "string"
                            },
                            "totalIncome": {
                              "type": "number"
                            },
                            "scheme": {
                              "type": "number"
                            },
                            "repaymentData": {
                              "type": "array",
                              "items": {}
                            },
                            "relationship": {
                              "type": "string"
                            },
                            "relation": {
                              "nullable": true
                            },
                            "referenceName": {
                              "type": "string"
                            },
                            "processingFees": {
                              "type": "number"
                            },
                            "permanentState": {
                              "type": "string"
                            },
                            "permanentPinCode": {
                              "type": "number"
                            },
                            "permanentCity": {
                              "type": "string"
                            },
                            "permanentAddress": {
                              "type": "string"
                            },
                            "patientName": {
                              "type": "string"
                            },
                            "organizationName": {
                              "type": "string"
                            },
                            "organizationId": {
                              "type": "string"
                            },
                            "occupation": {
                              "type": "string"
                            },
                            "loanAmount": {
                              "type": "number"
                            },
                            "isInsured": {
                              "type": "boolean"
                            },
                            "isDeleted": {
                              "type": "boolean"
                            },
                            "isActive": {
                              "type": "boolean"
                            },
                            "invoiceStatus": {
                              "type": "string"
                            },
                            "invoiceId": {
                              "type": "number"
                            },
                            "interest_Amount": {
                              "type": "number"
                            },
                            "interest": {
                              "type": "number"
                            },
                            "hospitalName": {
                              "type": "string"
                            },
                            "emailIdRefPerson": {
                              "type": "string"
                            },
                            "emailId": {
                              "type": "string"
                            },
                            "deduction_Amount": {
                              "type": "number"
                            },
                            "dateOfBirth": {
                              "type": "string"
                            },
                            "currentState": {
                              "type": "string"
                            },
                            "currentPinCode": {
                              "type": "number"
                            },
                            "currentCity": {
                              "type": "string"
                            },
                            "currentAddress": {
                              "type": "string"
                            },
                            "createdAt": {
                              "type": "string"
                            },
                            "contactNumber": {
                              "type": "number"
                            },
                            "contactNoRefPerson": {
                              "type": "number"
                            },
                            "companyName": {
                              "type": "string"
                            },
                            "branch": {
                              "type": "string"
                            },
                            "bankAssociated": {
                              "type": "string"
                            },
                            "accountNumber": {
                              "type": "number"
                            },
                            "_id": {
                              "type": "string"
                            },
                            "__v": {
                              "type": "number"
                            },
                            "PF_Amount": {
                              "type": "number"
                            },
                            "IFSCCode": {
                              "type": "string"
                            },
                            "GST_Amount": {
                              "type": "number"
                            },
                            "EMI_Tenure": {
                              "type": "number"
                            },
                            "EMI_Amount": {
                              "type": "number"
                            },
                            "Disbursed_Amount": {
                              "type": "number"
                            }
                          },
                          "required": [
                            "uploadPAN",
                            "uploadIncomeProof",
                            "uploadHospitalBill",
                            "uploadCancelledCheque",
                            "uploadBankStatement",
                            "uploadAadharFront",
                            "uploadAadharBack",
                            "updatedBy",
                            "updatedAt",
                            "totalIncome",
                            "scheme",
                            "repaymentData",
                            "relationship",
                            "relation",
                            "referenceName",
                            "processingFees",
                            "permanentState",
                            "permanentPinCode",
                            "permanentCity",
                            "permanentAddress",
                            "patientName",
                            "organizationName",
                            "organizationId",
                            "occupation",
                            "loanAmount",
                            "isInsured",
                            "isDeleted",
                            "isActive",
                            "invoiceStatus",
                            "invoiceId",
                            "interest_Amount",
                            "interest",
                            "hospitalName",
                            "emailIdRefPerson",
                            "emailId",
                            "deduction_Amount",
                            "dateOfBirth",
                            "currentState",
                            "currentPinCode",
                            "currentCity",
                            "currentAddress",
                            "createdAt",
                            "contactNumber",
                            "contactNoRefPerson",
                            "companyName",
                            "branch",
                            "bankAssociated",
                            "accountNumber",
                            "_id",
                            "__v",
                            "PF_Amount",
                            "IFSCCode",
                            "GST_Amount",
                            "EMI_Tenure",
                            "EMI_Amount",
                            "Disbursed_Amount"
                          ]
                        }
                      }
                    },
                    "required": [
                      "data"
                    ]
                  }
                }
              }
            },
            "401": {
              "description": "",
              "content": {
                "application/json": {
                  "schema": {
                    "type": "object",
                    "properties": {
                      "message": {
                        "type": "string"
                      }
                    },
                    "required": [
                      "message"
                    ]
                  }
                }
              }
            },
            "500": {
              "description": "",
              "content": {
                "application/json": {
                  "schema": {
                    "type": "object",
                    "properties": {
                      "errors": {
                        "type": "object",
                        "properties": {
                          "message": {
                            "type": "string"
                          }
                        },
                        "required": [
                          "message"
                        ]
                      }
                    },
                    "required": [
                      "errors"
                    ]
                  }
                }
              }
            }
          }
        }
      },
     
      "/api/patient/editInvoice": {
        "post": {
          "tags": [
            "AyuhealthRoutes"
          ],
          "parameters": [
            {
              "name": "_id",
              "in": "query",
              "schema": {
                "type": "object",
                "properties": {
                  "_id": {
                    "type": "string"
                  }
                }
              },
              "required": true,
              "description": "Please enter _id"
            }
          ],
          "requestBody": {
            "content": {
              "application/json": {
                "schema": {
                  "type": "object",
                  "properties": {
                    "contactNumber": {
                      "type": "string"
                    },
                    "patientName": {
                      "type": "string"
                    },
                    "borrowerName": {
                      "type": "string"
                    },
                    "dateOfBirth": {
                      "type": "string"
                    },
                    "emailId": {
                      "type": "string"
                    },
                    "relation": {
                      "type": "string"
                    },
                    "occupation": {
                      "type": "string"
                    },
                    "companyName": {
                      "type": "string"
                    },
                    "altContactNumber": {
                      "type": "string"
                    },
                    "permanentPinCode": {
                      "type": "string"
                    },
                    "permanentState": {
                      "type": "string"
                    },
                    "permanentDistrict": {
                      "type": "string"
                    },
                    "permanentCity": {
                      "type": "string"
                    },
                    "permanentAddress": {
                      "type": "string"
                    },
                    "currentPinCode": {
                      "type": "string"
                    },
                    "currentState": {
                      "type": "string"
                    },
                    "currentDistrict": {
                      "type": "string"
                    },
                    "currentCity": {
                      "type": "string"
                    },
                    "currentAddress": {
                      "type": "string"
                    },
                    "referenceName": {
                      "type": "string"
                    },
                    "contactNoRefPerson": {
                      "type": "string"
                    },
                    "relationship": {
                      "type": "string"
                    },
                    "emailIdRefPerson": {
                      "type": "string"
                    },
                    "hospitalName": {
                      "type": "string"
                    },
                    "treatmentDetails": {
                      "type": "string"
                    },
                    "bankAssociated": {
                      "type": "string"
                    },
                    "branch": {
                      "type": "string"
                    },
                    "accountNumber": {
                      "type": "string"
                    },
                    "IFSCCode": {
                      "type": "string"
                    },
                    "totalIncome": {
                      "type": "number"
                    },
                    "loanAmount": {
                      "type": "number"
                    },
                    "scheme": {
                      "type": "number"
                    },
                    "interest": {
                      "type": "number"
                    },
                    "processingFees": {
                      "type": "number"
                    },
                    "uploadAadharFront": {
                      "type": "string"
                    },
                    "uploadAadharBack": {
                      "type": "string"
                  
                    },
                    "uploadPAN": {
                      "type": "string"
                    
                    },
                    "uploadProof": {
                      "type": "string"
                     
                    },
                    "uploadCancelledCheque": {
                      "type": "string"
                    },
                    "uploadIncomeProof": {
                      "type": "string"
                    },
                    "uploadHospitalBill": {
                      "type": "string"
                    },
                    "uploadInsurancePolicy": {
                        "type": "string"
                    },
                    "uploadOtherDoc": {
                        "type": "string"
                    },
                      "uploadBankStatement": {
                        "type": "string"
                    },
                    "recommendationLetter": {
                        "type": "string"
                    },
                    "policy_startdt": {
                        "type": "string"
                    },
                    "policy_enddt": {
                        "type": "string"
                    },
                    "sum_insured": {
                        "type": "string"
                    },
                    "isInsured": {
                        "type": "boolean"
                    }

                  },
                  "required": [
                    "contactNumber",
                    "patientName",
                    "borrowerName",
                    "dateOfBirth",
                    "emailId",
                    "relationship",
                    "occupation",
                    "companyName",
                    "aadhaarNumber",
                    "PANNumber",
                    "permanentPinCode",
                    "permanentState",
                    "permanentDistrict",
                    "permanentCity",
                    "permanentAddress",
                    "currentPinCode",
                    "currentState",
                    "currentDistrict",
                    "currentCity",
                    "currentAddress",
                    "treatmentDetails",
                    "loanAmount",
                    "uploadAadharFront",
                    "uploadAadharBack",
                    "uploadPAN"
  
                   
                  ]
                }
              }
            }
          },
          "responses": {
            "201": {
              "description": "",
              "content": {
                "application/json": {
                  "schema": {
                    "type": "object",
                    "properties": {
                      "data": {
                        "type": "object",
                        "properties": {
                          "success": {
                            "type": "boolean"
                          },
                          "message": {
                            "oneOf": [
                              {
                                "type": "object",
                                "properties": {
                                  "uploadProof": {
                                    "type": "string"
                                  },
                                  "uploadPAN": {
                                    "type": "string"
                                  },
                                  "uploadOtherDoc": {
                                    "type": "string"
                                  },
                                  "uploadInsurancePolicy": {
                                    "type": "string"
                                  },
                                  "uploadIncomeProof": {
                                    "type": "string"
                                  },
                                  "uploadHospitalBill": {
                                    "type": "string"
                                  },
                                  "uploadCancelledCheque": {
                                    "type": "string"
                                  },
                                  "uploadBankStatement": {
                                    "type": "string"
                                  },
                                  "uploadAadharFront": {
                                    "type": "string"
                                  },
                                  "uploadAadharBack": {
                                    "type": "string"
                                  },
                                  "updatedBy": {
                                    "type": "string"
                                  },
                                  "updatedAt": {
                                    "type": "string"
                                  },
                                  "totalIncome": {
                                    "type": "number"
                                  },
                                  "scheme": {
                                    "type": "number"
                                  },
                                  "relationship": {
                                    "type": "string"
                                  },
                                  "relation": {
                                    "type": "string"
                                  },
                                  "referenceName": {
                                    "type": "string"
                                  },
                                  "processingFees": {
                                    "type": "number"
                                  },
                                  "permanentState": {
                                    "type": "string"
                                  },
                                  "permanentPinCode": {
                                    "type": "number"
                                  },
                                  "permanentCity": {
                                    "type": "string"
                                  },
                                  "permanentAddress": {
                                    "type": "string"
                                  },
                                  "patientName": {
                                    "type": "string"
                                  },
                                  "organizationName": {
                                    "type": "string"
                                  },
                                  "organizationId": {
                                    "type": "string"
                                  },
                                  "occupation": {
                                    "type": "string"
                                  },
                                  "loanAmount": {
                                    "type": "number"
                                  },
                                  "lenderStatus": {
                                    "type": "string"
                                  },
                                  "isInsured": {
                                    "type": "boolean"
                                  },
                                  "isDeleted": {
                                    "type": "boolean"
                                  },
                                  "isActive": {
                                    "type": "boolean"
                                  },
                                  "invoiceStatus": {
                                    "type": "string"
                                  },
                                  "invoiceId": {
                                    "type": "number"
                                  },
                                  "interest_Amount": {
                                    "type": "number"
                                  },
                                  "interest": {
                                    "type": "number"
                                  },
                                  "hospitalName": {
                                    "type": "string"
                                  },
                                  "emailIdRefPerson": {
                                    "type": "string"
                                  },
                                  "emailId": {
                                    "type": "string"
                                  },
                                  "digiComment": {
                                    "type": "string"
                                  },
                                  "deduction_Amount": {
                                    "type": "number"
                                  },
                                  "dateOfBirth": {
                                    "type": "string"
                                  },
                                  "currentState": {
                                    "type": "string"
                                  },
                                  "currentPinCode": {
                                    "type": "number"
                                  },
                                  "currentCity": {
                                    "type": "string"
                                  },
                                  "currentAddress": {
                                    "type": "string"
                                  },
                                  "createdAt": {
                                    "type": "string"
                                  },
                                  "contactNumber": {
                                    "type": "number"
                                  },
                                  "contactNoRefPerson": {
                                    "type": "number"
                                  },
                                  "companyName": {
                                    "type": "string"
                                  },
                                  "branch": {
                                    "type": "string"
                                  },
                                  "borrowerName": {
                                    "type": "string"
                                  },
                                  "bankAssociated": {
                                    "type": "string"
                                  },
                                  "accountNumber": {
                                    "type": "number"
                                  },
                                  "_id": {
                                    "type": "string"
                                  },
                                  "__v": {
                                    "type": "number"
                                  },
                                  "PF_Amount": {
                                    "type": "number"
                                  },
                                  "IFSCCode": {
                                    "type": "string"
                                  },
                                  "GST_Amount": {
                                    "type": "number"
                                  },
                                  "Franking_Amount": {
                                    "type": "number"
                                  },
                                  "EMI_Tenure": {
                                    "type": "number"
                                  },
                                  "EMI_Amount": {
                                    "type": "number"
                                  },
                                  "Down_Payment_Amount": {
                                    "type": "number"
                                  },
                                  "Disbursement_Date": {
                                    "type": "string"
                                  },
                                  "Disbursed_Amount": {
                                    "type": "number"
                                  },
                                  "Cash_Out_Flow_Amount": {
                                    "type": "number"
                                  },
                                  "Approval_Date": {
                                    "type": "string"
                                  }
                                },
                                "required": [
                                  "uploadProof",
                                  "uploadPAN",
                                  "uploadOtherDoc",
                                  "uploadInsurancePolicy",
                                  "uploadIncomeProof",
                                  "uploadHospitalBill",
                                  "uploadCancelledCheque",
                                  "uploadBankStatement",
                                  "uploadAadharFront",
                                  "uploadAadharBack",
                                  "updatedBy",
                                  "updatedAt",
                                  "totalIncome",
                                  "scheme",
                                  "relationship",
                                  "relation",
                                  "referenceName",
                                  "processingFees",
                                  "permanentState",
                                  "permanentPinCode",
                                  "permanentCity",
                                  "permanentAddress",
                                  "patientName",
                                  "organizationName",
                                  "organizationId",
                                  "occupation",
                                  "loanAmount",
                                  "lenderStatus",
                                  "isInsured",
                                  "isDeleted",
                                  "isActive",
                                  "invoiceStatus",
                                  "invoiceId",
                                  "interest_Amount",
                                  "interest",
                                  "hospitalName",
                                  "emailIdRefPerson",
                                  "emailId",
                                  "digiComment",
                                  "deduction_Amount",
                                  "dateOfBirth",
                                  "currentState",
                                  "currentPinCode",
                                  "currentCity",
                                  "currentAddress",
                                  "createdAt",
                                  "contactNumber",
                                  "contactNoRefPerson",
                                  "companyName",
                                  "branch",
                                  "borrowerName",
                                  "bankAssociated",
                                  "accountNumber",
                                  "_id",
                                  "__v",
                                  "PF_Amount",
                                  "IFSCCode",
                                  "GST_Amount",
                                  "Franking_Amount",
                                  "EMI_Tenure",
                                  "EMI_Amount",
                                  "Down_Payment_Amount",
                                  "Disbursement_Date",
                                  "Disbursed_Amount",
                                  "Cash_Out_Flow_Amount",
                                  "Approval_Date"
                                ]
                              },
                              {
                                "type": "string"
                              }
                            ]
                          }
                        },
                        "required": [
                          "success",
                          "message"
                        ]
                      }
                    },
                    "required": [
                      "data"
                    ]
                  }
                }
              }
            },
            "401": {
              "description": "",
              "content": {
                "application/json": {
                  "schema": {
                    "type": "object",
                    "properties": {
                      "message": {
                        "type": "string"
                      }
                    },
                    "required": [
                      "message"
                    ]
                  }
                }
              }
            }
          }
        }
      },

      "/api/patient/uploadFinalBill": {
        "post": {
          "tags": [
            "AyuhealthRoutes"
          ],
       
          "requestBody": {
            "content": {
              "application/json": {
                "schema": {
                  "type": "object",
                  "properties": {

                    "_id": {
                      "type": "string"
                    },
                    
                    "uploadHospitalBill": {
                      "type": "string"
                    }
                  

                  },
                  "required": [
                    "finalBill"
                  
  
                   
                  ]
                }
              }
            }
          },
          "responses": {
            "201": {
              "description": "",
              "content": {
                "application/json": {
                  "schema": {
                    "type": "object",
                    "properties": {
                      "data": {
                        "type": "object",
                        "properties": {
                          "success": {
                            "type": "boolean"
                          },
                          "message": {
                            "oneOf": [
                              {
                                "type": "object",
                                "properties": {
                                 
                                  "uploadHospitalBill": {
                                    "type": "string"
                                  }
                                 
                                  
                                },
                                "required": [
                                 
                                  "uploadHospitalBill"
                                  
                                ]
                              },
                              {
                                "type": "string"
                              }
                            ]
                          }
                        },
                        "required": [
                          "success",
                          "message"
                        ]
                      }
                    },
                    "required": [
                      "data"
                    ]
                  }
                }
              }
            },
            "401": {
              "description": "",
              "content": {
                "application/json": {
                  "schema": {
                    "type": "object",
                    "properties": {
                      "message": {
                        "type": "string"
                      }
                    },
                    "required": [
                      "message"
                    ]
                  }
                }
              }
            }
          }
        }
      },

      "/api/patient/updatePatientInvoice": {
        "put": {
          "tags": [
            "AyuhealthRoutes"
          ],
       
          "requestBody": {
            "content": {
              "application/json": {
                "schema": {
                  "type": "object",
                  "properties": {

                    "_id": {
                      "type": "string"
                    },

                    "invoiceStatus": {
                      "type": "string"
                    },

                    "UWApprovedAmount": {
                      "type": "string"
                    },

                    "UWComment": {
                      "type": "string"
                    },
                    
                    "approvalLetter": {
                      "type": "string"
                    }
                  

                  },
                  "required": [
                    "finalBill"
                  
  
                   
                  ]
                }
              }
            }
          },
          "responses": {
            "201": {
              "description": "",
              "content": {
                "application/json": {
                  "schema": {
                    "type": "object",
                    "properties": {
                      "data": {
                        "type": "object",
                        "properties": {
                          "success": {
                            "type": "boolean"
                          },
                          "message": {
                            "oneOf": [
                              {
                                "type": "object",
                                "properties": {
                                 
                                  "_id": {
                                    "type": "string"
                                  },
                                  "invoiceStatus": {
                                    "type": "string"
                                  },
                                  "UWApprovedAmount": {
                                    "type": "string"
                                  },
                                  "UWComment": {
                                    "type": "string"
                                  },
                                  "approvalLetter": {
                                    "type": "string"
                                  }
                                 
                                  
                                },
                                "required": [
                                 
                                  "approvalLetter",
                                  "invoiceStatus"
                                  
                                ]
                              },
                              {
                                "type": "string"
                              }
                            ]
                          }
                        },
                        "required": [
                          "success",
                          "message"
                        ]
                      }
                    },
                    "required": [
                      "data"
                    ]
                  }
                }
              }
            },
            "401": {
              "description": "",
              "content": {
                "application/json": {
                  "schema": {
                    "type": "object",
                    "properties": {
                      "message": {
                        "type": "invoiceStatus :Approved"
                      }
                    },
                    "required": [
                      "message"
                    ]
                  }
                }
              }
            }
          }
        }
      }

    }
  }